model,accuracy,precision,recall,f1,roc_auc
logistic_regression,0.552,0.2413793103448276,0.5384615384615384,0.3333333333333333,0.5901806526806527
random_forest,0.794,1.0,0.009615384615384616,0.01904761904761905,0.546207264957265
